<metadata><idinfo><citation><citeinfo><origin>Information Services Department, County of Santa Clara</origin><title Sync="TRUE">A_2014_Air_Polygon</title><geoform Sync="TRUE">vector digital data</geoform><ftname Sync="TRUE">GISADM.C_Air_Polygon</ftname><onlink Sync="TRUE">Server=gisdbprd; Service=5151; Database=GISPROD; User=DS70130; Version=DS70130.DURGA</onlink></citeinfo></citation><descript><abstract>The County of Santa Clara Regional GIS Enhanced Basemap Air_Polygon.All data is for FY14 (July 1, 2013 – June 30 , 2014)</abstract><purpose>To create and dispaly land information where one polygon contains multiple Assessor Parcels Numbers. All data is for FY14 (July 1,2013 – June 30 , 2014)</purpose><langdata Sync="TRUE">en</langdata></descript><timeperd><current>ground condition</current></timeperd><status><progress>In work</progress><update>Continually</update></status><spdom><bounding><westbc Sync="TRUE">-122.168698</westbc><eastbc Sync="TRUE">-121.568966</eastbc><northbc Sync="TRUE">37.458464</northbc><southbc Sync="TRUE">36.990900</southbc></bounding><lboundng><leftbc Sync="TRUE">6077302.836666</leftbc><rightbc Sync="TRUE">6249487.020000</rightbc><bottombc Sync="TRUE">1823452.318333</bottombc><topbc Sync="TRUE">1991196.126667</topbc></lboundng></spdom><keywords><theme><themekt>Air Polygon</themekt><themekey>Air Parcels</themekey></theme><place><placekt>Sillicon Valley</placekt><placekey>Santa Clara County</placekey><placekey>Santa Clara</placekey></place><place><placekt>Santa Clara</placekt></place><place><placekt>San Jose</placekt></place></keywords><accconst>Only County internal GIS users and County's Basemap subscription partners are allowed to access this dataset.  County internal GIS users and Basemap partners received the updated dataset on a DVD via mail.</accconst><useconst>County is the owner of the GIS Basemap.

&gt; The GIS Basemap is COPYRIGHTED BY THE COUNTY OF SANTA CLARA. No parts of the GIS Basemap may be reproduced or transmitted in any form or by any means, electronic or mechanical, including photocopying and recording, or by any information storage or retrieval system, except as expressly permitted by the terms of the Regional Data Sharing Program Agreement or in writing by the Licensor.

&gt; All maps and printouts must clearly state the following notice of copyright:

(1) "Reproduced with permission granted by County of Santa Clara, (July, 2007) County of Santa Clara (Licensor seal)".

(2) "Copyright (current year), County of Santa Clara, all rights reserved," or for lack of space, just c (with small circle around it) 2007.

(5) DISCLAIMER

THE GIS DATA IS PROVIDED "AS IS". THE COUNTY MAKES NO WARRANTIES, EXPRESS OR IMPLIED, INCLUDING WITHOUT LIMITATION, ANY IMPLIED WARRANTIES OR MERCHANTABILITY AND/OR FITNESS FOR A PARTICULAR PURPOSE, REGARDING THE ACCURACY, COMPLETENESS, VALUE, QUALITY, VALIDITY, MERCHANTABILITY, SUITABILITY, AND CONDITION, OF THE GIS DATA. USER'S OF COUNTY'S GIS DATA ARE HEREBY NOTIFIED THAT CURRENT PUBLIC PRIMARY INFORMATION SOURCES SHOULD BE CONSULTED FOR VERIFICATION OF THE DATA AND INFORMATION CONTAINED HEREIN. SINCE THE GIS DATA IS DYNAMIC, IT WILL BY ITS NATURE BE INCONSISTENT WITH THE OFFICIAL COUNTY ASSESSMENT ROLL FILE PRODUCED BY THE OFFICE OF THE ASSESSOR. ANY USE OF COUNTY'S GIS DATA WITHOUT CONSULTING CURRENT PUBLIC RECORDS FOR VERIFICATION IS DONE EXCLUSIVELY AT THE RISK OF THE PARTY MAKING SUCH USE.</useconst><ptcontac><cntinfo><cntorgp><cntorg>Information Services Department, County of Santa Clara</cntorg><cntper>Richard Rapacchietta</cntper></cntorgp><cntpos>Manager, Information Resources, Planning, &amp; Management Services</cntpos><cntaddr><addrtype>mailing and physical address</addrtype><address>1555 Berger Dr. Bldg 2</address><city>San jose</city><state>CA</state><postal>95112</postal><country>USA</country></cntaddr><cntvoice>408-918-7028</cntvoice><cntfax>408-297-7484</cntfax></cntinfo></ptcontac><native Sync="TRUE">Microsoft Windows XP Version 5.1 (Build 2600) Service Pack 3; ESRI ArcCatalog 9.3.1.1850</native><natvform Sync="TRUE">SDE Feature Class</natvform></idinfo><dataqual><posacc><horizpa><horizpar>Where a percentage appears below, it means that the stated percentage of features is the minimum percentage of features that will meet the requirement.

Horizontal accuracy of adjusted data achieves 2 feet for the area covered by 3 inch pixel resolution orthophotos (valley floor) and 5 feet for the area covered by 9 inch pixel resolution orthophotos: 98%. The horizontal accuracy of the remaining 2% adjusted data will achieve 4 feet for the area covered by 3 inch pixel resolution orthophotos (valley floor) and 10 feet for the area covered by 9 inch pixel resolution orthophotos.

For the areas where planimetric data exist, the accuracy of centerlines is measured relative to the center of the edge-of-pavements. 

For the areas where planimetric data do not exist, Assessor Maps and external agency street data will be used. The accuracy of centerlines is measured relative to the middle of the ROW on the two sides of the street. 

All street centerlines will be represented with true arcs. 

Data are free of geometry and topological problems. 100%.   No overshoots, undershoots, loops, kickbacks, and duplicate geometry.

No geometry inconsistency among different layers. 98%</horizpar></horizpa></posacc></dataqual><spdoinfo><direct Sync="TRUE">Vector</direct><ptvctinf><esriterm Name="A_2014_Air_Polygon"><efeatyp Sync="TRUE">Simple</efeatyp><efeageom code="4" Sync="TRUE"></efeageom><esritopo Sync="TRUE">FALSE</esritopo><efeacnt Sync="TRUE">12124</efeacnt><spindex Sync="TRUE">FALSE</spindex><linrefer Sync="TRUE">FALSE</linrefer></esriterm></ptvctinf></spdoinfo><spref><horizsys><planar><planci><plance Sync="TRUE">coordinate pair</plance><coordrep><absres Sync="TRUE">0.000521</absres><ordres Sync="TRUE">0.000521</ordres></coordrep><plandu Sync="TRUE">survey feet</plandu></planci></planar><geodetic><horizdn Sync="TRUE">North American Datum of 1983</horizdn><ellips Sync="TRUE">Geodetic Reference System 80</ellips><semiaxis Sync="TRUE">6378137.000000</semiaxis><denflat Sync="TRUE">298.257222</denflat></geodetic><cordsysn><geogcsn Sync="TRUE">GCS_North_American_1983</geogcsn><projcsn Sync="TRUE">NAD_1983_StatePlane_California_III_FIPS_0403_Feet</projcsn></cordsysn></horizsys><vertdef><altsys><altres Sync="TRUE">1.000000</altres><altenc Sync="TRUE">Explicit elevation coordinate included with horizontal coordinates</altenc></altsys></vertdef></spref><eainfo><detailed Name="A_2014_Air_Polygon"><enttyp><enttypl Sync="TRUE">A_2014_Air_Polygon</enttypl><enttypt Sync="TRUE">Feature Class</enttypt><enttypc Sync="TRUE">12124</enttypc></enttyp><attr><attrlabl Sync="TRUE">FID</attrlabl><attalias Sync="TRUE">FID</attalias><attrtype Sync="TRUE">OID</attrtype><attwidth Sync="TRUE">4</attwidth><atprecis Sync="TRUE">0</atprecis><attscale Sync="TRUE">0</attscale><attrdef Sync="TRUE">Internal feature number.</attrdef><attrdefs Sync="TRUE">Esri</attrdefs><attrdomv><udom Sync="TRUE">Sequential unique whole numbers that are automatically generated.</udom></attrdomv></attr><attr><attrlabl>PID</attrlabl><attalias Sync="TRUE">PID</attalias><attrtype Sync="TRUE">Integer</attrtype><attwidth Sync="TRUE">9</attwidth><atprecis Sync="TRUE">9</atprecis><attscale Sync="TRUE">0</attscale></attr><attr><attrlabl>PARENTPID</attrlabl><attalias Sync="TRUE">PARENTPID</attalias><attrtype Sync="TRUE">Integer</attrtype><attwidth Sync="TRUE">9</attwidth><atprecis Sync="TRUE">9</atprecis><attscale Sync="TRUE">0</attscale></attr><attr><attrlabl>FEATURE</attrlabl><attalias Sync="TRUE">FEATURE</attalias><attrtype Sync="TRUE">String</attrtype><attwidth Sync="TRUE">10</attwidth><atprecis Sync="TRUE">0</atprecis><attscale Sync="TRUE">0</attscale></attr><attr><attrlabl>SHAPE</attrlabl><attrdef>Feature geometry.</attrdef><attrdefs>ESRI</attrdefs><attrdomv><udom>Coordinates defining the features.</udom></attrdomv><attalias Sync="TRUE">Shape</attalias><attrtype Sync="TRUE">Geometry</attrtype><attwidth Sync="TRUE">0</attwidth><atprecis Sync="TRUE">0</atprecis><attscale Sync="TRUE">0</attscale></attr><attr><attrlabl Sync="TRUE">SHAPE_Leng</attrlabl><attalias Sync="TRUE">SHAPE_Leng</attalias><attrtype Sync="TRUE">Double</attrtype><attwidth Sync="TRUE">19</attwidth><atprecis Sync="TRUE">0</atprecis><attscale Sync="TRUE">0</attscale></attr><attr><attrlabl Sync="TRUE">SHAPE_Area</attrlabl><attalias Sync="TRUE">SHAPE_Area</attalias><attrtype Sync="TRUE">Double</attrtype><attwidth Sync="TRUE">19</attwidth><atprecis Sync="TRUE">0</atprecis><attscale Sync="TRUE">0</attscale><attrdef Sync="TRUE">Area of feature in internal units squared.</attrdef><attrdefs Sync="TRUE">Esri</attrdefs><attrdomv><udom Sync="TRUE">Positive real numbers that are automatically generated.</udom></attrdomv></attr></detailed><detailed Name="GISADM.C_Air_PolygonC_Address_Point"><enttyp><enttypl Sync="TRUE">GISADM.C_Air_PolygonC_Address_Point</enttypl><enttypt Sync="TRUE">Relationship</enttypt></enttyp></detailed><detailed Name="GISADM.C_LandPolygonC_AirPolygon"><enttyp><enttypl Sync="TRUE">GISADM.C_LandPolygonC_AirPolygon</enttypl><enttypt Sync="TRUE">Relationship</enttypt></enttyp></detailed></eainfo><distinfo><distrib><cntinfo><cntorgp><cntorg>Information Services Department, County of Santa Clara</cntorg><cntper>Richard Rapacchietta</cntper></cntorgp><cntpos>Manager, iRPMs</cntpos><cntaddr><addrtype>mailing and physical address</addrtype><address>1555 Berger Dr. Bldg 2</address><city>San Jose</city><state>CA</state><postal>95112</postal><country>USA</country></cntaddr><cntvoice>408-918-7028</cntvoice></cntinfo></distrib><resdesc>Downloadable Data</resdesc></distinfo><metainfo><metd Sync="TRUE">20101108</metd><metc><cntinfo><cntorgp><cntorg>Information Services Department, County of Santa Clara</cntorg><cntper>Richard Rapacchietta</cntper></cntorgp><cntaddr><addrtype>mailing and physical address</addrtype><address>1555 Berger Dr. Bldg 2</address><city>San Jose</city><state>CA</state><postal>95014</postal></cntaddr><cntvoice>408-918-7028</cntvoice></cntinfo></metc><metstdn Sync="TRUE">FGDC Content Standards for Digital Geospatial Metadata</metstdn><metstdv Sync="TRUE">FGDC-STD-001-1998</metstdv><mettc Sync="TRUE">local time</mettc><metextns><onlink>http://www.esri.com/metadata/esriprof80.html</onlink><metprof>ESRI Metadata Profile</metprof></metextns><langmeta Sync="TRUE">en</langmeta></metainfo><Esri><CreaDate>20140918</CreaDate><CreaTime>15411100</CreaTime><SyncOnce>FALSE</SyncOnce><SyncDate>20140922</SyncDate><SyncTime>12343900</SyncTime><ModDate>20140922</ModDate><ModTime>12343900</ModTime><ArcGISFormat>1.0</ArcGISFormat><DataProperties><itemProps><itemLocation><linkage Sync="TRUE">file://\\SCCSVSHR501\ISDsharelib\ISD\ITSS\GIS\Maintenance\Basemap\Assessor Data\Distribution\2014\Q4_FY14\Shapes\A_2014_Air_Polygon.shp</linkage><protocol Sync="TRUE">Local Area Network</protocol></itemLocation><itemName Sync="TRUE">A_2014_Air_Polygon</itemName><imsContentType Sync="TRUE">002</imsContentType><itemSize Sync="TRUE">2.763</itemSize><nativeExtBox><westBL Sync="TRUE">6077302.836666</westBL><eastBL Sync="TRUE">6249487.020000</eastBL><southBL Sync="TRUE">1823452.318333</southBL><northBL Sync="TRUE">1991196.126667</northBL><exTypeCode Sync="TRUE">1</exTypeCode></nativeExtBox></itemProps><coordRef><type Sync="TRUE">Projected</type><geogcsn Sync="TRUE">GCS_North_American_1983</geogcsn><csUnits Sync="TRUE">Linear Unit: Foot_US (0.304801)</csUnits><projcsn Sync="TRUE">NAD_1983_StatePlane_California_III_FIPS_0403_Feet</projcsn><peXml Sync="TRUE">&lt;ProjectedCoordinateSystem xsi:type='typens:ProjectedCoordinateSystem' xmlns:xsi='http://www.w3.org/2001/XMLSchema-instance' xmlns:xs='http://www.w3.org/2001/XMLSchema' xmlns:typens='http://www.esri.com/schemas/ArcGIS/10.1'&gt;&lt;WKT&gt;PROJCS[&amp;quot;NAD_1983_StatePlane_California_III_FIPS_0403_Feet&amp;quot;,GEOGCS[&amp;quot;GCS_North_American_1983&amp;quot;,DATUM[&amp;quot;D_North_American_1983&amp;quot;,SPHEROID[&amp;quot;GRS_1980&amp;quot;,6378137.0,298.257222101]],PRIMEM[&amp;quot;Greenwich&amp;quot;,0.0],UNIT[&amp;quot;Degree&amp;quot;,0.0174532925199433]],PROJECTION[&amp;quot;Lambert_Conformal_Conic&amp;quot;],PARAMETER[&amp;quot;False_Easting&amp;quot;,6561666.666666666],PARAMETER[&amp;quot;False_Northing&amp;quot;,1640416.666666667],PARAMETER[&amp;quot;Central_Meridian&amp;quot;,-120.5],PARAMETER[&amp;quot;Standard_Parallel_1&amp;quot;,37.06666666666667],PARAMETER[&amp;quot;Standard_Parallel_2&amp;quot;,38.43333333333333],PARAMETER[&amp;quot;Latitude_Of_Origin&amp;quot;,36.5],UNIT[&amp;quot;Foot_US&amp;quot;,0.3048006096012192],AUTHORITY[&amp;quot;EPSG&amp;quot;,2227]]&lt;/WKT&gt;&lt;XOrigin&gt;-115860600&lt;/XOrigin&gt;&lt;YOrigin&gt;-93269500&lt;/YOrigin&gt;&lt;XYScale&gt;36787427.345686711&lt;/XYScale&gt;&lt;ZOrigin&gt;-100000&lt;/ZOrigin&gt;&lt;ZScale&gt;10000&lt;/ZScale&gt;&lt;MOrigin&gt;-100000&lt;/MOrigin&gt;&lt;MScale&gt;10000&lt;/MScale&gt;&lt;XYTolerance&gt;0.0032808333333333331&lt;/XYTolerance&gt;&lt;ZTolerance&gt;0.001&lt;/ZTolerance&gt;&lt;MTolerance&gt;0.001&lt;/MTolerance&gt;&lt;HighPrecision&gt;true&lt;/HighPrecision&gt;&lt;WKID&gt;102643&lt;/WKID&gt;&lt;LatestWKID&gt;2227&lt;/LatestWKID&gt;&lt;/ProjectedCoordinateSystem&gt;</peXml></coordRef></DataProperties><scaleRange><minScale>150000000</minScale><maxScale>5000</maxScale></scaleRange><ArcGISProfile>ItemDescription</ArcGISProfile></Esri><dataIdInfo><envirDesc Sync="TRUE">Microsoft Windows 7 Version 6.1 (Build 7601) Service Pack 1; Esri ArcGIS 10.2.0.3348</envirDesc><dataLang><languageCode Sync="TRUE" value="eng"/><countryCode value="USA" Sync="TRUE"/></dataLang><idCitation><resTitle Sync="TRUE">A_2014_Air_Polygon</resTitle><presForm><PresFormCd Sync="TRUE" value="005"/></presForm></idCitation><spatRpType><SpatRepTypCd Sync="TRUE" value="001"/></spatRpType><dataExt><geoEle><GeoBndBox esriExtentType="native"><westBL Sync="TRUE">6077302.836666</westBL><eastBL Sync="TRUE">6249487.02</eastBL><northBL Sync="TRUE">1991196.126667</northBL><southBL Sync="TRUE">1823452.318333</southBL><exTypeCode Sync="TRUE">1</exTypeCode></GeoBndBox></geoEle></dataExt><geoBox esriExtentType="decdegrees"><westBL Sync="TRUE">-122.168698</westBL><eastBL Sync="TRUE">-121.568966</eastBL><northBL Sync="TRUE">37.458464</northBL><southBL Sync="TRUE">36.9909</southBL><exTypeCode Sync="TRUE">1</exTypeCode></geoBox><dataExt><geoEle xmlns=""><GeoBndBox esriExtentType="search"><exTypeCode Sync="TRUE">1</exTypeCode><westBL Sync="TRUE">-122.168698</westBL><eastBL Sync="TRUE">-121.568966</eastBL><northBL Sync="TRUE">37.458464</northBL><southBL Sync="TRUE">36.990900</southBL></GeoBndBox></geoEle></dataExt><idPurp>To create and dispaly land information where one polygon contains multiple Assessor Parcels Numbers. All data is for FY14 (July 1,2013 – June 30 , 2014)</idPurp><idAbs>&lt;DIV STYLE="text-align:Left;"&gt;&lt;DIV&gt;&lt;DIV&gt;&lt;P&gt;&lt;SPAN&gt;The County of Santa Clara Regional GIS Enhanced Basemap Air_Polygon.&lt;/SPAN&gt;&lt;/P&gt;&lt;P&gt;&lt;SPAN&gt;All data is for FY14 (July 1, 2013 – June 30 , 2014)&lt;/SPAN&gt;&lt;/P&gt;&lt;/DIV&gt;&lt;/DIV&gt;&lt;/DIV&gt;</idAbs><idCredit>SCC Assessor's Dept, SCC Info Services Dept</idCredit><searchKeys><keyword>Air Parcels</keyword><keyword>Santa Clara County</keyword><keyword>FY14</keyword></searchKeys><resConst><Consts><useLimit>&lt;DIV STYLE="text-align:Left;"&gt;&lt;DIV&gt;&lt;DIV&gt;&lt;P&gt;&lt;SPAN&gt;County is the owner of the GIS Basemap. &amp;gt; All maps and printouts must clearly state the following notice of copyright: (1) "Reproduced with permission granted by County of Santa Clara, (July, 2014) County of Santa Clara (Licensor seal)". (2) "Copyright (2014), County of Santa Clara, all rights reserved," or for lack of space, just c (with small circle around it) 2014. (5) DISCLAIMER THE GIS DATA IS PROVIDED "AS IS". THE COUNTY MAKES NO WARRANTIES, EXPRESS OR IMPLIED, INCLUDING WITHOUT LIMITATION, ANY IMPLIED WARRANTIES OR MERCHANTABILITY AND/OR FITNESS FOR A PARTICULAR PURPOSE, REGARDING THE ACCURACY, COMPLETENESS, VALUE, QUALITY, VALIDITY, MERCHANTABILITY, SUITABILITY, AND CONDITION, OF THE GIS DATA. USER'S OF COUNTY'S GIS DATA ARE HEREBY NOTIFIED THAT CURRENT PUBLIC PRIMARY INFORMATION SOURCES SHOULD BE CONSULTED FOR VERIFICATION OF THE DATA AND INFORMATION CONTAINED HEREIN. SINCE THE GIS DATA IS DYNAMIC, IT WILL BY ITS NATURE BE INCONSISTENT WITH THE OFFICIAL COUNTY ASSESSMENT ROLL FILE PRODUCED BY THE OFFICE OF THE ASSESSOR. ANY USE OF COUNTY'S GIS DATA WITHOUT CONSULTING CURRENT PUBLIC RECORDS FOR VERIFICATION IS DONE EXCLUSIVELY AT THE RISK OF THE PARTY MAKING SUCH USE.&lt;/SPAN&gt;&lt;/P&gt;&lt;P&gt;&lt;SPAN /&gt;&lt;/P&gt;&lt;/DIV&gt;&lt;/DIV&gt;&lt;/DIV&gt;</useLimit></Consts></resConst></dataIdInfo><mdLang><languageCode Sync="TRUE" value="eng"/><countryCode value="USA" Sync="TRUE"/></mdLang><mdStanName Sync="TRUE">ISO 19115 Geographic Information - Metadata</mdStanName><mdStanVer Sync="TRUE">DIS_ESRI1.0</mdStanVer><mdChar><CharSetCd Sync="TRUE" value="004"/></mdChar><mdHrLv><ScopeCd Sync="TRUE" value="005"/></mdHrLv><mdHrLvName Sync="TRUE">dataset</mdHrLvName><distInfo><distributor><distorTran><onLineSrc><orDesc Sync="TRUE">002</orDesc><linkage Sync="TRUE">Server=gisdbprd; Service=5151; Database=GISPROD; User=DS70130; Version=DS70130.DURGA</linkage><protocol Sync="TRUE">ArcSDE Connection</protocol></onLineSrc></distorTran><distorFormat><formatName Sync="TRUE">SDE Feature Class</formatName></distorFormat></distributor><distFormat><formatName Sync="TRUE">Shapefile</formatName></distFormat><distTranOps><transSize Sync="TRUE">2.763</transSize></distTranOps></distInfo><refSysInfo><RefSystem><refSysID><identCode Sync="TRUE" code="2227">NAD_1983_StatePlane_California_III_FIPS_0403_Feet</identCode><idCodeSpace Sync="TRUE">EPSG</idCodeSpace><idVersion Sync="TRUE">8.1.1</idVersion></refSysID></RefSystem></refSysInfo><spatRepInfo><VectSpatRep><geometObjs Name="A_2014_Air_Polygon"><geoObjTyp><GeoObjTypCd value="002" Sync="TRUE"></GeoObjTypCd></geoObjTyp><geoObjCnt Sync="TRUE">12124</geoObjCnt></geometObjs><topLvl><TopoLevCd value="001" Sync="TRUE"></TopoLevCd></topLvl></VectSpatRep></spatRepInfo><mdDateSt Sync="TRUE">20140922</mdDateSt></metadata>
