<metadata><idinfo><citation><citeinfo><origin>Information Services Department, County of Santa Clara</origin><title Sync="TRUE">A_2014_Address_Point</title><geoform Sync="TRUE">vector digital data</geoform><ftname Sync="TRUE">GISADM.C_Address_Point</ftname><onlink Sync="TRUE">Server=gisdbprd; Service=5151; Database=GISPROD; User=DS70130; Version=DS70130.DURGA</onlink></citeinfo></citation><descript><abstract>The County of Santa Clara Regional GIS Enhanced Basemap Address_Point. All data is for FY14 (July 1,2013 – June 30 , 2014)</abstract><purpose>To create and display address information to locate building address in the Santa Clara County. All data is for FY14 (July 1,2013 – June 30 , 2014)</purpose><langdata Sync="TRUE">en</langdata></descript><timeperd><current>ground condition</current></timeperd><status><progress>In work</progress><update>Continually</update></status><spdom><bounding><westbc Sync="TRUE">-122.204337</westbc><eastbc Sync="TRUE">-121.210000</eastbc><northbc Sync="TRUE">37.487920</northbc><southbc Sync="TRUE">36.889962</southbc></bounding><lboundng><leftbc Sync="TRUE">6067133.000208</leftbc><rightbc Sync="TRUE">6354046.674166</rightbc><bottombc Sync="TRUE">1786876.381875</bottombc><topbc Sync="TRUE">2000921.000104</topbc></lboundng></spdom><keywords><theme><themekt>Address_Point</themekt><themekey>Address Points</themekey></theme><place><placekt>Sillicon Valley</placekt><placekey>Santa Clara County</placekey><placekey>Santa Clara</placekey></place><place><placekt>Santa Clara</placekt></place><place><placekt>San Jose</placekt></place></keywords><useconst>County is the owner of the GIS Basemap.

&gt; All maps and printouts must clearly state the following notice of copyright:

(1) "Reproduced with permission granted by County of Santa Clara, (July, 2011) County of Santa Clara (Licensor seal)".

(2) "Copyright (current year), County of Santa Clara, all rights reserved," or for lack of space, just c (with small circle around it) 2011.

(5) DISCLAIMER

THE GIS DATA IS PROVIDED "AS IS". THE COUNTY MAKES NO WARRANTIES, EXPRESS OR IMPLIED, INCLUDING WITHOUT LIMITATION, ANY IMPLIED WARRANTIES OR MERCHANTABILITY AND/OR FITNESS FOR A PARTICULAR PURPOSE, REGARDING THE ACCURACY, COMPLETENESS, VALUE, QUALITY, VALIDITY, MERCHANTABILITY, SUITABILITY, AND CONDITION, OF THE GIS DATA. USER'S OF COUNTY'S GIS DATA ARE HEREBY NOTIFIED THAT CURRENT PUBLIC PRIMARY INFORMATION SOURCES SHOULD BE CONSULTED FOR VERIFICATION OF THE DATA AND INFORMATION CONTAINED HEREIN. SINCE THE GIS DATA IS DYNAMIC, IT WILL BY ITS NATURE BE INCONSISTENT WITH THE OFFICIAL COUNTY ASSESSMENT ROLL FILE PRODUCED BY THE OFFICE OF THE ASSESSOR. ANY USE OF COUNTY'S GIS DATA WITHOUT CONSULTING CURRENT PUBLIC RECORDS FOR VERIFICATION IS DONE EXCLUSIVELY AT THE RISK OF THE PARTY MAKING SUCH USE.</useconst><ptcontac><cntinfo><cntorgp><cntorg>Information Services Department, County of Santa Clara</cntorg><cntper>Richard Rapacchietta</cntper></cntorgp><cntpos>Manager, Information Resources, Planning, &amp; Management Services</cntpos><cntaddr><addrtype>mailing and physical address</addrtype><address>1555 Berger Dr. Bldg 2</address><city>San jose</city><state>CA</state><postal>95112</postal><country>USA</country></cntaddr><cntvoice>408-918-7028</cntvoice><cntfax>408-297-7484</cntfax></cntinfo></ptcontac><native Sync="TRUE">Microsoft Windows XP Version 5.1 (Build 2600) Service Pack 3; ESRI ArcCatalog 9.3.1.3000</native><natvform Sync="TRUE">SDE Feature Class</natvform></idinfo><dataqual><posacc><horizpa><horizpar>Where a percentage appears below, it means that the stated percentage of features is the minimum percentage of features that will meet the requirement.

Horizontal accuracy of adjusted data achieves 2 feet for the area covered by 3 inch pixel resolution orthophotos (valley floor) and 5 feet for the area covered by 9 inch pixel resolution orthophotos: 98%. The horizontal accuracy of the remaining 2% adjusted data will achieve 4 feet for the area covered by 3 inch pixel resolution orthophotos (valley floor) and 10 feet for the area covered by 9 inch pixel resolution orthophotos.

For the areas where planimetric data exist, the accuracy of centerlines is measured relative to the center of the edge-of-pavements. 

For the areas where planimetric data do not exist, Assessor Maps and external agency street data will be used. The accuracy of centerlines is measured relative to the middle of the ROW on the two sides of the street. 

All street centerlines will be represented with true arcs. 

Data are free of geometry and topological problems. 100%.   No overshoots, undershoots, loops, kickbacks, and duplicate geometry.

No geometry inconsistency among different layers. 98%</horizpar></horizpa></posacc></dataqual><spdoinfo><direct Sync="TRUE">Vector</direct><ptvctinf><esriterm Name="A_2014_Address_Point"><efeatyp Sync="TRUE">Simple</efeatyp><efeageom code="1" Sync="TRUE"></efeageom><esritopo Sync="TRUE">FALSE</esritopo><efeacnt Sync="TRUE">491269</efeacnt><spindex Sync="TRUE">FALSE</spindex><linrefer Sync="TRUE">FALSE</linrefer></esriterm></ptvctinf></spdoinfo><spref><horizsys><planar><planci><plance Sync="TRUE">coordinate pair</plance><coordrep><absres Sync="TRUE">0.000521</absres><ordres Sync="TRUE">0.000521</ordres></coordrep><plandu Sync="TRUE">survey feet</plandu></planci></planar><geodetic><horizdn Sync="TRUE">North American Datum of 1983</horizdn><ellips Sync="TRUE">Geodetic Reference System 80</ellips><semiaxis Sync="TRUE">6378137.000000</semiaxis><denflat Sync="TRUE">298.257222</denflat></geodetic><cordsysn><geogcsn Sync="TRUE">GCS_North_American_1983</geogcsn><projcsn Sync="TRUE">NAD_1983_StatePlane_California_III_FIPS_0403_Feet</projcsn></cordsysn></horizsys><vertdef><altsys><altres Sync="TRUE">1.000000</altres><altenc Sync="TRUE">Explicit elevation coordinate included with horizontal coordinates</altenc></altsys></vertdef></spref><eainfo><detailed Name="A_2014_Address_Point"><enttyp><enttypl Sync="TRUE">A_2014_Address_Point</enttypl><enttypt Sync="TRUE">Feature Class</enttypt><enttypc Sync="TRUE">491269</enttypc></enttyp><attr><attrlabl Sync="TRUE">FID</attrlabl><attalias Sync="TRUE">FID</attalias><attrtype Sync="TRUE">OID</attrtype><attwidth Sync="TRUE">4</attwidth><atprecis Sync="TRUE">0</atprecis><attscale Sync="TRUE">0</attscale><attrdef Sync="TRUE">Internal feature number.</attrdef><attrdefs Sync="TRUE">Esri</attrdefs><attrdomv><udom Sync="TRUE">Sequential unique whole numbers that are automatically generated.</udom></attrdomv></attr><attr><attrlabl Sync="TRUE">POINT_ID</attrlabl><attalias Sync="TRUE">POINT_ID</attalias><attrtype Sync="TRUE">Integer</attrtype><attwidth Sync="TRUE">9</attwidth><atprecis Sync="TRUE">9</atprecis><attscale Sync="TRUE">0</attscale></attr><attr><attrlabl>SHAPE</attrlabl><attrdef>Feature geometry.</attrdef><attrdefs>ESRI</attrdefs><attrdomv><udom>Coordinates defining the features.</udom></attrdomv><attalias Sync="TRUE">Shape</attalias><attrtype Sync="TRUE">Geometry</attrtype><attwidth Sync="TRUE">0</attwidth><atprecis Sync="TRUE">0</atprecis><attscale Sync="TRUE">0</attscale></attr><attr><attrlabl Sync="TRUE">FLOOR</attrlabl><attalias Sync="TRUE">FLOOR</attalias><attrtype Sync="TRUE">String</attrtype><attwidth Sync="TRUE">50</attwidth><atprecis Sync="TRUE">0</atprecis><attscale Sync="TRUE">0</attscale></attr><attr><attrlabl Sync="TRUE">HOUSENUMTE</attrlabl><attalias Sync="TRUE">HOUSENUMTE</attalias><attrtype Sync="TRUE">String</attrtype><attwidth Sync="TRUE">50</attwidth><atprecis Sync="TRUE">0</atprecis><attscale Sync="TRUE">0</attscale></attr><attr><attrlabl Sync="TRUE">UNITNUMBER</attrlabl><attalias Sync="TRUE">UNITNUMBER</attalias><attrtype Sync="TRUE">String</attrtype><attwidth Sync="TRUE">50</attwidth><atprecis Sync="TRUE">0</atprecis><attscale Sync="TRUE">0</attscale></attr><attr><attrlabl Sync="TRUE">STREETNAME</attrlabl><attalias Sync="TRUE">STREETNAME</attalias><attrtype Sync="TRUE">String</attrtype><attwidth Sync="TRUE">50</attwidth><atprecis Sync="TRUE">0</atprecis><attscale Sync="TRUE">0</attscale></attr><attr><attrlabl Sync="TRUE">STREETPREF</attrlabl><attalias Sync="TRUE">STREETPREF</attalias><attrtype Sync="TRUE">String</attrtype><attwidth Sync="TRUE">50</attwidth><atprecis Sync="TRUE">0</atprecis><attscale Sync="TRUE">0</attscale></attr><attr><attrlabl Sync="TRUE">STREETTYPE</attrlabl><attalias Sync="TRUE">STREETTYPE</attalias><attrtype Sync="TRUE">String</attrtype><attwidth Sync="TRUE">50</attwidth><atprecis Sync="TRUE">0</atprecis><attscale Sync="TRUE">0</attscale></attr><attr><attrlabl Sync="TRUE">CITY</attrlabl><attalias Sync="TRUE">CITY</attalias><attrtype Sync="TRUE">String</attrtype><attwidth Sync="TRUE">50</attwidth><atprecis Sync="TRUE">0</atprecis><attscale Sync="TRUE">0</attscale></attr><attr><attrlabl Sync="TRUE">STREETSUFF</attrlabl><attalias Sync="TRUE">STREETSUFF</attalias><attrtype Sync="TRUE">String</attrtype><attwidth Sync="TRUE">50</attwidth><atprecis Sync="TRUE">0</atprecis><attscale Sync="TRUE">0</attscale></attr><attr><attrlabl Sync="TRUE">ZIPCODE</attrlabl><attalias Sync="TRUE">ZIPCODE</attalias><attrtype Sync="TRUE">String</attrtype><attwidth Sync="TRUE">50</attwidth><atprecis Sync="TRUE">0</atprecis><attscale Sync="TRUE">0</attscale></attr><attr><attrlabl Sync="TRUE">SOURCE</attrlabl><attalias Sync="TRUE">SOURCE</attalias><attrtype Sync="TRUE">String</attrtype><attwidth Sync="TRUE">10</attwidth><atprecis Sync="TRUE">0</atprecis><attscale Sync="TRUE">0</attscale></attr><attr><attrlabl Sync="TRUE">APN</attrlabl><attalias Sync="TRUE">APN</attalias><attrtype Sync="TRUE">String</attrtype><attwidth Sync="TRUE">16</attwidth><atprecis Sync="TRUE">0</atprecis><attscale Sync="TRUE">0</attscale></attr><attr><attrlabl Sync="TRUE">FEATUID</attrlabl><attalias Sync="TRUE">FEATUID</attalias><attrtype Sync="TRUE">Integer</attrtype><attwidth Sync="TRUE">9</attwidth><atprecis Sync="TRUE">9</atprecis><attscale Sync="TRUE">0</attscale></attr></detailed><detailed Name="GISADM.C_Address_PointC_Anno"><enttyp><enttypl Sync="TRUE">GISADM.C_Address_PointC_Anno</enttypl><enttypt Sync="TRUE">Relationship</enttypt></enttyp></detailed><detailed Name="GISADM.C_Address_PointC_Anno_Comm"><enttyp><enttypl Sync="TRUE">GISADM.C_Address_PointC_Anno_Comm</enttypl><enttypt Sync="TRUE">Relationship</enttypt></enttyp></detailed><detailed Name="GISADM.C_Address_PointC_Anno_CommMulti"><enttyp><enttypl Sync="TRUE">GISADM.C_Address_PointC_Anno_CommMulti</enttypl><enttypt Sync="TRUE">Relationship</enttypt></enttyp></detailed><detailed Name="GISADM.C_Land_PolygonC_Address_Point"><enttyp><enttypl Sync="TRUE">GISADM.C_Land_PolygonC_Address_Point</enttypl><enttypt Sync="TRUE">Relationship</enttypt></enttyp></detailed><detailed Name="GISADM.C_Air_PolygonC_Address_Point"><enttyp><enttypl Sync="TRUE">GISADM.C_Air_PolygonC_Address_Point</enttypl><enttypt Sync="TRUE">Relationship</enttypt></enttyp></detailed><detailed Name="GISADM.C_BuildingC_Address_Point"><enttyp><enttypl Sync="TRUE">GISADM.C_BuildingC_Address_Point</enttypl><enttypt Sync="TRUE">Relationship</enttypt></enttyp></detailed></eainfo><distinfo><distrib><cntinfo><cntorgp><cntorg>Information Services Department, County of Santa Clara</cntorg><cntper>Richard Rapacchietta</cntper></cntorgp><cntpos>Manager, iRPMs</cntpos><cntaddr><addrtype>mailing and physical address</addrtype><address>1555 Berger Dr. Bldg 2</address><city>San Jose</city><state>CA</state><postal>95112</postal><country>USA</country></cntaddr><cntvoice>408-918-7028</cntvoice></cntinfo></distrib><resdesc>Downloadable Data</resdesc></distinfo><metainfo><metd Sync="TRUE">20110901</metd><metc><cntinfo><cntorgp><cntorg>Information Services Department, County of Santa Clara</cntorg><cntper>Richard Rapacchietta</cntper></cntorgp><cntaddr><addrtype>mailing and physical address</addrtype><address>1555 Berger Dr. Bldg 2</address><city>San Jose</city><state>CA</state><postal>95014</postal></cntaddr><cntvoice>408-918-7028</cntvoice></cntinfo></metc><metstdn Sync="TRUE">FGDC Content Standards for Digital Geospatial Metadata</metstdn><metstdv Sync="TRUE">FGDC-STD-001-1998</metstdv><mettc Sync="TRUE">local time</mettc><metextns><onlink>http://www.esri.com/metadata/esriprof80.html</onlink><metprof>ESRI Metadata Profile</metprof></metextns><langmeta Sync="TRUE">en</langmeta></metainfo><Esri><CreaDate>20140918</CreaDate><CreaTime>15262700</CreaTime><SyncOnce>FALSE</SyncOnce><SyncDate>20140922</SyncDate><SyncTime>12343400</SyncTime><ModDate>20140922</ModDate><ModTime>12343400</ModTime><DataProperties><lineage><Process ToolSource="C:\Program Files\ArcGIS\Desktop10.0\ArcToolbox\Toolboxes\Data Management Tools.tbx\CalculateField" Date="20101223" Time="143600" Name="" export="">CalculateField GISADM.C_Address_Point CITY_CODE "CUPERTINO" VB #</Process><Process ToolSource="C:\Program Files\ArcGIS\Desktop10.0\ArcToolbox\Toolboxes\Data Management Tools.tbx\CalculateField" Date="20101223" Time="144206" Name="" export="">CalculateField GISADM.C_Address_Point CITY_CODE "CUPERTINO" VB #</Process><Process ToolSource="C:\Program Files\ArcGIS\Desktop10.0\ArcToolbox\Toolboxes\Data Management Tools.tbx\CalculateField" Date="20110105" Time="182404" Name="" export="">CalculateField GISADM.C_Address_Point CITY "CAMPBELL" VB #</Process><Process ToolSource="C:\Program Files\ArcGIS\Desktop10.0\ArcToolbox\Toolboxes\Data Management Tools.tbx\CalculateField" Date="20110105" Time="182456" Name="" export="">CalculateField GISADM.C_Address_Point MODULE_ID "CAMPBELL" VB #</Process><Process ToolSource="C:\Program Files\ArcGIS\Desktop10.0\ArcToolbox\Toolboxes\Data Management Tools.tbx\CalculateField" Date="20110105" Time="182747" Name="" export="">CalculateField GISADM.C_Address_Point ZIPCODE "95125" VB #</Process><Process ToolSource="C:\Program Files\ArcGIS\Desktop10.0\ArcToolbox\Toolboxes\Data Management Tools.tbx\CalculateField" Date="20110110" Time="143116" Name="" export="">CalculateField GISADM.C_Address_Point CITY_CODE "PALO ALTO" VB #</Process><Process ToolSource="C:\Program Files\ArcGIS\Desktop10.0\ArcToolbox\Toolboxes\Data Management Tools.tbx\CalculateField" Date="20110110" Time="143153" Name="" export="">CalculateField GISADM.C_Address_Point MODULE_ID "PALO ALTO" VB #</Process><Process ToolSource="C:\Program Files\ArcGIS\Desktop10.0\ArcToolbox\Toolboxes\Data Management Tools.tbx\CalculateField" Date="20110126" Time="110409" Name="" export="">CalculateField GISADM.C_Address_Point COMMADDR_DISP 3 VB #</Process><Process ToolSource="C:\Program Files\ArcGIS\Desktop10.0\ArcToolbox\Toolboxes\Data Management Tools.tbx\CalculateField" Date="20110126" Time="110454" Name="" export="">CalculateField GISADM.C_Address_Point ZIPCODE 95020 VB #</Process><Process ToolSource="C:\Program Files\ArcGIS\Desktop10.0\ArcToolbox\Toolboxes\Data Management Tools.tbx\CalculateField" Date="20110126" Time="110545" Name="" export="">CalculateField GISADM.C_Address_Point SOURCE 3 VB #</Process><Process ToolSource="C:\Program Files\ArcGIS\Desktop10.0\ArcToolbox\Toolboxes\Data Management Tools.tbx\CalculateField" Date="20110126" Time="110706" Name="" export="">CalculateField GISADM.C_Address_Point SOURCE "Land Polygon Addresses" VB #</Process><Process ToolSource="C:\Program Files\ArcGIS\Desktop10.0\ArcToolbox\Toolboxes\Data Management Tools.tbx\CalculateField" Date="20110317" Time="112208" Name="" export="">CalculateField GISADM.C_Address_Point HOUSENUMTEXT "200" VB #</Process><Process ToolSource="C:\Program Files\ArcGIS\Desktop10.0\ArcToolbox\Toolboxes\Data Management Tools.tbx\CalculateField" Date="20110317" Time="112258" Name="" export="">CalculateField GISADM.C_Address_Point STREETNAME "JOSE FIGUERES" VB #</Process><Process ToolSource="C:\Program Files\ArcGIS\Desktop10.0\ArcToolbox\Toolboxes\Data Management Tools.tbx\CalculateField" Date="20110317" Time="112335" Name="" export="">CalculateField GISADM.C_Address_Point STREETTYPE "ST" VB #</Process><Process ToolSource="C:\Program Files\ArcGIS\Desktop10.0\ArcToolbox\Toolboxes\Data Management Tools.tbx\CalculateField" Date="20110317" Time="112410" Name="" export="">CalculateField GISADM.C_Address_Point CITY "SAN JOSE" VB #</Process><Process ToolSource="C:\Program Files\ArcGIS\Desktop10.0\ArcToolbox\Toolboxes\Data Management Tools.tbx\CalculateField" Date="20110317" Time="112449" Name="" export="">CalculateField GISADM.C_Address_Point CITY_CODE "SAN JOSE" VB #</Process><Process ToolSource="C:\Program Files\ArcGIS\Desktop10.0\ArcToolbox\Toolboxes\Data Management Tools.tbx\CalculateField" Date="20110317" Time="112519" Name="" export="">CalculateField GISADM.C_Address_Point ZIPCODE "95116" VB #</Process><Process ToolSource="C:\Program Files\ArcGIS\Desktop10.0\ArcToolbox\Toolboxes\Data Management Tools.tbx\CalculateField" Date="20110317" Time="112609" Name="" export="">CalculateField GISADM.C_Address_Point STATUS "SITUS" VB #</Process><Process ToolSource="C:\Program Files\ArcGIS\Desktop10.0\ArcToolbox\Toolboxes\Data Management Tools.tbx\CalculateField" Date="20110722" Time="174050" Name="" export="">CalculateField GISADM.C_Address_Point CITY_CODE "SANTA CLARA" VB #</Process><Process ToolSource="C:\Program Files\ArcGIS\Desktop10.0\ArcToolbox\Toolboxes\Data Management Tools.tbx\CalculateField" Date="20120615" Time="114418" Name="" export="">CalculateField GISADM.C_Address_Point COMM_ANNOTEXT [HOUSENUMTEXT] VB #</Process><Process ToolSource="C:\Program Files\ArcGIS\Desktop10.0\ArcToolbox\Toolboxes\Data Management Tools.tbx\CalculateField" Date="20120615" Time="115008" Name="" export="">CalculateField GISADM.C_Address_Point CITY_CODE "MT VIEW" VB #</Process><Process ToolSource="C:\Program Files\ArcGIS\Desktop10.0\ArcToolbox\Toolboxes\Data Management Tools.tbx\CalculateField" Date="20120615" Time="115718" Name="" export="">CalculateField GISADM.C_Address_Point COMM_ANNOTEXT [HOUSENUMTEXT] VB #</Process><Process ToolSource="C:\Program Files\ArcGIS\Desktop10.0\ArcToolbox\Toolboxes\Data Management Tools.tbx\CalculateField" Date="20120615" Time="121533" Name="" export="">CalculateField GISADM.C_Address_Point COMM_ANNOTEXT [HOUSENUMTEXT] VB #</Process><Process ToolSource="C:\Program Files\ArcGIS\Desktop10.0\ArcToolbox\Toolboxes\Data Management Tools.tbx\CalculateField" Date="20120615" Time="123105" Name="" export="">CalculateField GISADM.C_Address_Point COMM_ANNOTEXT [HOUSENUMTEXT] VB #</Process><Process ToolSource="C:\Program Files\ArcGIS\Desktop10.0\ArcToolbox\Toolboxes\Data Management Tools.tbx\CalculateField" Date="20121025" Time="103723" Name="" export="">CalculateField GISADM.C_Address_Point COMM_ANNOTEXT [HOUSENUMTEXT] VB #</Process><Process ToolSource="C:\Program Files\ArcGIS\Desktop10.0\ArcToolbox\Toolboxes\Data Management Tools.tbx\CalculateField" Date="20121109" Time="120148" Name="" export="">CalculateField GISADM.C_Address_Point ANGLE 73.33 VB #</Process><Process ToolSource="C:\Program Files\ArcGIS\Desktop10.0\ArcToolbox\Toolboxes\Data Management Tools.tbx\CalculateField" Date="20121116" Time="100352" Name="" export="">CalculateField GISADM.C_Address_Point COMM_ANNOTEXT [HOUSENUMTEXT] VB #</Process><Process ToolSource="C:\Program Files\ArcGIS\Desktop10.0\ArcToolbox\Toolboxes\Data Management Tools.tbx\CalculateField" Date="20121116" Time="102148" Name="" export="">CalculateField GISADM.C_Address_Point COMM_ANNOTEXT [HOUSENUMTEXT] VB #</Process><Process ToolSource="C:\Program Files\ArcGIS\Desktop10.0\ArcToolbox\Toolboxes\Data Management Tools.tbx\CalculateField" Date="20121218" Time="092040" Name="" export="">CalculateField GISADM.C_Address_Point STREETNAME "CORY" VB #</Process><Process ToolSource="C:\Program Files\ArcGIS\Desktop10.0\ArcToolbox\Toolboxes\Data Management Tools.tbx\CalculateField" Date="20121218" Time="092323" Name="" export="">CalculateField GISADM.C_Address_Point ZIPCODE 95037 VB #</Process><Process ToolSource="C:\Program Files\ArcGIS\Desktop10.0\ArcToolbox\Toolboxes\Data Management Tools.tbx\CalculateField" Date="20121218" Time="094014" Name="" export="">CalculateField GISADM.C_Address_Point STREETNAME "SAN SIMEON" VB #</Process><Process ToolSource="C:\Program Files\ArcGIS\Desktop10.0\ArcToolbox\Toolboxes\Data Management Tools.tbx\CalculateField" Date="20121218" Time="094930" Name="" export="">CalculateField GISADM.C_Address_Point ZIPCODE 95037 VB #</Process><Process ToolSource="C:\Program Files\ArcGIS\Desktop10.0\ArcToolbox\Toolboxes\Data Management Tools.tbx\CalculateField" Date="20121218" Time="101747" Name="" export="">CalculateField GISADM.C_Address_Point COMM_ANNOTEXT [HOUSENUMTEXT] VB #</Process><Process ToolSource="C:\Program Files\ArcGIS\Desktop10.0\ArcToolbox\Toolboxes\Data Management Tools.tbx\CalculateField" Date="20121218" Time="104012" Name="" export="">CalculateField GISADM.C_Address_Point STREETTYPE DR VB #</Process><Process ToolSource="C:\Program Files\ArcGIS\Desktop10.0\ArcToolbox\Toolboxes\Data Management Tools.tbx\CalculateField" Date="20121218" Time="104156" Name="" export="">CalculateField GISADM.C_Address_Point STREETTYPE "DR" VB #</Process><Process ToolSource="C:\Program Files\ArcGIS\Desktop10.0\ArcToolbox\Toolboxes\Data Management Tools.tbx\CalculateField" Date="20121218" Time="104414" Name="" export="">CalculateField GISADM.C_Address_Point STREETTYPE "CT" VB #</Process><Process ToolSource="C:\Program Files\ArcGIS\Desktop10.0\ArcToolbox\Toolboxes\Data Management Tools.tbx\CalculateField" Date="20121218" Time="104544" Name="" export="">CalculateField GISADM.C_Address_Point STREETTYPE "DR" VB #</Process><Process ToolSource="C:\Program Files\ArcGIS\Desktop10.0\ArcToolbox\Toolboxes\Data Management Tools.tbx\CalculateField" Date="20121221" Time="142500" Name="" export="">CalculateField GISADM.C_Address_Point COMMADDR_DISP "1" VB #</Process><Process ToolSource="C:\Program Files\ArcGIS\Desktop10.0\ArcToolbox\Toolboxes\Data Management Tools.tbx\CalculateField" Date="20121221" Time="142943" Name="" export="">CalculateField GISADM.C_Address_Point STATUS "CONFLICT" VB #</Process><Process ToolSource="C:\Program Files\ArcGIS\Desktop10.0\ArcToolbox\Toolboxes\Data Management Tools.tbx\CalculateField" Date="20121221" Time="143059" Name="" export="">CalculateField GISADM.C_Address_Point MODULE_ID "SAN JOSE" VB #</Process><Process ToolSource="C:\Program Files\ArcGIS\Desktop10.0\ArcToolbox\Toolboxes\Data Management Tools.tbx\CalculateField" Date="20121221" Time="145116" Name="" export="">CalculateField GISADM.C_Address_Point COMMADDR_DISP "1" VB #</Process><Process ToolSource="C:\Program Files\ArcGIS\Desktop10.0\ArcToolbox\Toolboxes\Data Management Tools.tbx\CalculateField" Date="20121221" Time="145304" Name="" export="">CalculateField GISADM.C_Address_Point CITY "SAN JOSE" VB #</Process><Process ToolSource="C:\Program Files\ArcGIS\Desktop10.0\ArcToolbox\Toolboxes\Data Management Tools.tbx\CalculateField" Date="20121221" Time="145456" Name="" export="">CalculateField GISADM.C_Address_Point ZIPCODE "95135" VB #</Process><Process ToolSource="C:\Program Files\ArcGIS\Desktop10.0\ArcToolbox\Toolboxes\Data Management Tools.tbx\CalculateField" Date="20121221" Time="145714" Name="" export="">CalculateField GISADM.C_Address_Point COMM_ANNOTEXT [HOUSENUMTEXT] VB #</Process><Process ToolSource="C:\Program Files\ArcGIS\Desktop10.0\ArcToolbox\Toolboxes\Data Management Tools.tbx\CalculateField" Date="20121221" Time="145842" Name="" export="">CalculateField GISADM.C_Address_Point CITY_CODE "SAN JOSE" VB #</Process><Process ToolSource="C:\Program Files\ArcGIS\Desktop10.0\ArcToolbox\Toolboxes\Data Management Tools.tbx\CalculateField" Date="20121221" Time="150238" Name="" export="">CalculateField GISADM.C_Address_Point MODULE_ID "SAN JOSE" VB #</Process><Process ToolSource="C:\Program Files\ArcGIS\Desktop10.0\ArcToolbox\Toolboxes\Data Management Tools.tbx\CalculateField" Date="20121221" Time="150618" Name="" export="">CalculateField GISADM.C_Address_Point STATUS "CONFLICT" VB #</Process><Process ToolSource="C:\Program Files\ArcGIS\Desktop10.0\ArcToolbox\Toolboxes\Data Management Tools.tbx\CalculateField" Date="20121228" Time="154758" Name="" export="">CalculateField GISADM.C_Address_Point STREETNAME "ALTIMIRA" VB #</Process><Process ToolSource="C:\Program Files\ArcGIS\Desktop10.0\ArcToolbox\Toolboxes\Data Management Tools.tbx\CalculateField" Date="20121228" Time="155724" Name="" export="">CalculateField GISADM.C_Address_Point STREETTYPE "CIR" VB #</Process><Process ToolSource="C:\Program Files\ArcGIS\Desktop10.0\ArcToolbox\Toolboxes\Data Management Tools.tbx\CalculateField" Date="20121228" Time="155841" Name="" export="">CalculateField GISADM.C_Address_Point COMM_ANNOTEXT [HOUSENUMTEXT] VB #</Process><Process ToolSource="C:\Program Files\ArcGIS\Desktop10.0\ArcToolbox\Toolboxes\Data Management Tools.tbx\CalculateField" Date="20121228" Time="160009" Name="" export="">CalculateField GISADM.C_Address_Point ZIPCODE "95037" VB #</Process><Process ToolSource="C:\Program Files\ArcGIS\Desktop10.0\ArcToolbox\Toolboxes\Data Management Tools.tbx\CalculateField" Date="20121228" Time="160217" Name="" export="">CalculateField GISADM.C_Address_Point STATUS "SITUS" VB #</Process><Process ToolSource="C:\Program Files\ArcGIS\Desktop10.0\ArcToolbox\Toolboxes\Data Management Tools.tbx\CalculateField" Date="20130102" Time="135508" Name="" export="">CalculateField GISADM.C_Address_Point COMM_ANNOTEXT [HOUSENUMTEXT] VB #</Process><Process ToolSource="C:\Program Files\ArcGIS\Desktop10.0\ArcToolbox\Toolboxes\Data Management Tools.tbx\CalculateField" Date="20130102" Time="140538" Name="" export="">CalculateField GISADM.C_Address_Point STATUS "SITUS" VB #</Process><Process ToolSource="C:\Program Files\ArcGIS\Desktop10.0\ArcToolbox\Toolboxes\Data Management Tools.tbx\CalculateField" Date="20130102" Time="140749" Name="" export="">CalculateField GISADM.C_Address_Point COMM_ANNOTEXT [HOUSENUMTEXT] VB #</Process><Process ToolSource="C:\Program Files\ArcGIS\Desktop10.0\ArcToolbox\Toolboxes\Data Management Tools.tbx\CalculateField" Date="20130102" Time="140915" Name="" export="">CalculateField GISADM.C_Address_Point STATUS "SITUS" VB #</Process><Process ToolSource="C:\Program Files\ArcGIS\Desktop10.0\ArcToolbox\Toolboxes\Data Management Tools.tbx\CalculateField" Date="20130102" Time="142211" Name="" export="">CalculateField GISADM.C_Address_Point STATUS "INVALID" VB #</Process><Process ToolSource="C:\Program Files\ArcGIS\Desktop10.0\ArcToolbox\Toolboxes\Data Management Tools.tbx\CalculateField" Date="20130103" Time="154555" Name="" export="">CalculateField GISADM.C_Address_Point COMM_ANNOTEXT [HOUSENUMTEXT] VB #</Process><Process ToolSource="C:\Program Files\ArcGIS\Desktop10.0\ArcToolbox\Toolboxes\Data Management Tools.tbx\CalculateField" Date="20130731" Time="074638" Name="" export="">CalculateField GISADM.C_Address_Point ADDR_FLAG "L" VB #</Process><Process ToolSource="C:\Program Files\ArcGIS\Desktop10.0\ArcToolbox\Toolboxes\Data Management Tools.tbx\CalculateField" Date="20130808" Time="133814" Name="" export="">CalculateField GISADM.C_Address_Point ADDR_FLAG "LB" VB #</Process><Process ToolSource="c:\program files\arcgis\desktop10.1\ArcToolbox\Toolboxes\Data Management Tools.tbx\CalculateField" Date="20130913" Time="162107" Name="" export="">CalculateField GISADM.C_Address_Point CITY "CAMPBELL" VB #</Process><Process ToolSource="c:\program files\arcgis\desktop10.1\ArcToolbox\Toolboxes\Data Management Tools.tbx\CalculateField" Date="20130913" Time="162344" Name="" export="">CalculateField GISADM.C_Address_Point SOURCE "O" VB #</Process><Process ToolSource="C:\Program Files\ArcGIS\Desktop10.0\ArcToolbox\Toolboxes\Data Management Tools.tbx\CalculateField" Date="20131122" Time="134424" Name="" export="">CalculateField GISADM.C_Address_Point HOUSENUMTEXT "" VB #</Process><Process ToolSource="C:\Program Files\ArcGIS\Desktop10.0\ArcToolbox\Toolboxes\Data Management Tools.tbx\CalculateField" Date="20131211" Time="145257" Name="" export="">CalculateField GISADM.C_Address_Point ADDR_FLAG "L" VB #</Process><Process ToolSource="C:\Program Files\ArcGIS\Desktop10.0\ArcToolbox\Toolboxes\Data Management Tools.tbx\CalculateField" Date="20140116" Time="152502" Name="" export="">CalculateField GISADM.C_Address_Point COMM_ANNOTEXT "" VB #</Process><Process ToolSource="C:\Program Files\ArcGIS\Desktop10.0\ArcToolbox\Toolboxes\Data Management Tools.tbx\CalculateField" Date="20140121" Time="155707" Name="" export="">CalculateField GISADM.C_Address_Point SOURCE ""'LP_ADDRESS"" VB #</Process><Process ToolSource="C:\Program Files\ArcGIS\Desktop10.0\ArcToolbox\Toolboxes\Data Management Tools.tbx\CalculateField" Date="20140121" Time="162659" Name="" export="">CalculateField GISADM.C_Address_Point SOURCE LP_ADDRESS VB #</Process><Process ToolSource="C:\Program Files\ArcGIS\Desktop10.0\ArcToolbox\Toolboxes\Data Management Tools.tbx\CalculateField" Date="20140121" Time="163450" Name="" export="">CalculateField GISADM.C_Address_Point COMM_ANNOTEXT "" VB #</Process><Process ToolSource="C:\Program Files\ArcGIS\Desktop10.0\ArcToolbox\Toolboxes\Data Management Tools.tbx\CalculateField" Date="20140122" Time="163748" Name="" export="">CalculateField GISADM.C_Address_Point COMMADDR_DISP 3 VB #</Process><Process ToolSource="C:\Program Files\ArcGIS\Desktop10.0\ArcToolbox\Toolboxes\Data Management Tools.tbx\CalculateField" Date="20140210" Time="114312" Name="" export="">CalculateField GISADM.C_Address_Point STATUS "SITUS" VB #</Process><Process ToolSource="C:\Program Files\ArcGIS\Desktop10.0\ArcToolbox\Toolboxes\Data Management Tools.tbx\CalculateField" Date="20140211" Time="111516" Name="" export="">CalculateField GISADM.C_Address_Point COMMADDR_DISP 3 VB #</Process><Process ToolSource="C:\Program Files\ArcGIS\Desktop10.0\ArcToolbox\Toolboxes\Data Management Tools.tbx\CalculateField" Date="20140218" Time="104718" Name="" export="">CalculateField GISADM.C_Address_Point STATUS "SITUS" VB #</Process><Process ToolSource="C:\Program Files\ArcGIS\Desktop10.0\ArcToolbox\Toolboxes\Data Management Tools.tbx\CalculateField" Date="20140218" Time="110838" Name="" export="">CalculateField GISADM.C_Address_Point STREETTYPE "AVE" VB #</Process><Process ToolSource="C:\Program Files\ArcGIS\Desktop10.0\ArcToolbox\Toolboxes\Data Management Tools.tbx\CalculateField" Date="20140218" Time="111057" Name="" export="">CalculateField GISADM.C_Address_Point STREETTYPE "BLVD" VB #</Process><Process ToolSource="C:\Program Files\ArcGIS\Desktop10.0\ArcToolbox\Toolboxes\Data Management Tools.tbx\CalculateField" Date="20140218" Time="111329" Name="" export="">CalculateField GISADM.C_Address_Point STATUS "SITUS" VB #</Process><Process ToolSource="C:\Program Files\ArcGIS\Desktop10.0\ArcToolbox\Toolboxes\Data Management Tools.tbx\CalculateField" Date="20140218" Time="111645" Name="" export="">CalculateField GISADM.C_Address_Point STATUS "SITUS" VB #</Process><Process ToolSource="C:\Program Files\ArcGIS\Desktop10.0\ArcToolbox\Toolboxes\Data Management Tools.tbx\CalculateField" Date="20140218" Time="111830" Name="" export="">CalculateField GISADM.C_Address_Point STREETTYPE "CIR" VB #</Process><Process ToolSource="C:\Program Files\ArcGIS\Desktop10.0\ArcToolbox\Toolboxes\Data Management Tools.tbx\CalculateField" Date="20140218" Time="112047" Name="" export="">CalculateField GISADM.C_Address_Point STREETTYPE "HWY" VB #</Process><Process ToolSource="C:\Program Files\ArcGIS\Desktop10.0\ArcToolbox\Toolboxes\Data Management Tools.tbx\CalculateField" Date="20140218" Time="112252" Name="" export="">CalculateField GISADM.C_Address_Point STATUS "SITUS" VB #</Process><Process ToolSource="C:\Program Files\ArcGIS\Desktop10.0\ArcToolbox\Toolboxes\Data Management Tools.tbx\CalculateField" Date="20140218" Time="112509" Name="" export="">CalculateField GISADM.C_Address_Point STATUS "SITUS" VB #</Process><Process ToolSource="C:\Program Files\ArcGIS\Desktop10.0\ArcToolbox\Toolboxes\Data Management Tools.tbx\CalculateField" Date="20140218" Time="114852" Name="" export="">CalculateField GISADM.C_Address_Point STATUS "SITUS" VB #</Process><Process ToolSource="c:\program files (x86)\arcgis\desktop10.2\ArcToolbox\Toolboxes\Data Management Tools.tbx\CalculateField" Date="20140627" Time="113519" Name="" export="">CalculateField GISADM.C_Address_Point STATUS S VB #</Process><Process ToolSource="C:\Program Files (x86)\ArcGIS\Desktop10.0\ArcToolbox\Toolboxes\Data Management Tools.tbx\CalculateField" Date="20140630" Time="110721" Name="" export="">CalculateField GISADM.C_Address_Point STREETNAME "CASPIAN" VB #</Process><Process ToolSource="C:\Program Files (x86)\ArcGIS\Desktop10.0\ArcToolbox\Toolboxes\Data Management Tools.tbx\CalculateField" Date="20140630" Time="110915" Name="" export="">CalculateField GISADM.C_Address_Point STREETTYPE "WAY" VB #</Process><Process ToolSource="C:\Program Files (x86)\ArcGIS\Desktop10.0\ArcToolbox\Toolboxes\Data Management Tools.tbx\CalculateField" Date="20140701" Time="094329" Name="" export="">CalculateField GISADM.C_Address_Point STREETNAME "LUSITANO" VB #</Process><Process ToolSource="C:\Program Files (x86)\ArcGIS\Desktop10.0\ArcToolbox\Toolboxes\Data Management Tools.tbx\CalculateField" Date="20140701" Time="094624" Name="" export="">CalculateField GISADM.C_Address_Point STREETTYPE "WAY" VB #</Process><Process ToolSource="C:\Program Files (x86)\ArcGIS\Desktop10.0\ArcToolbox\Toolboxes\Data Management Tools.tbx\CalculateField" Date="20140701" Time="095458" Name="" export="">CalculateField GISADM.C_Address_Point STREETTYPE "WAY" VB #</Process><Process ToolSource="C:\Program Files (x86)\ArcGIS\Desktop10.0\ArcToolbox\Toolboxes\Data Management Tools.tbx\CalculateField" Date="20140701" Time="095614" Name="" export="">CalculateField GISADM.C_Address_Point STREETNAME "CASPIAN" VB #</Process><Process ToolSource="C:\Program Files (x86)\ArcGIS\Desktop10.0\ArcToolbox\Toolboxes\Data Management Tools.tbx\CalculateField" Date="20140701" Time="100116" Name="" export="">CalculateField GISADM.C_Address_Point STREETNAME "PALOMINO" VB #</Process><Process ToolSource="C:\Program Files (x86)\ArcGIS\Desktop10.0\ArcToolbox\Toolboxes\Data Management Tools.tbx\CalculateField" Date="20140701" Time="100307" Name="" export="">CalculateField GISADM.C_Address_Point STREETTYPE "PLACE" VB #</Process><Process ToolSource="C:\Program Files (x86)\ArcGIS\Desktop10.0\ArcToolbox\Toolboxes\Data Management Tools.tbx\CalculateField" Date="20140701" Time="100837" Name="" export="">CalculateField GISADM.C_Address_Point STREETNAME "LUSITANO" VB #</Process><Process ToolSource="C:\Program Files (x86)\ArcGIS\Desktop10.0\ArcToolbox\Toolboxes\Data Management Tools.tbx\CalculateField" Date="20140701" Time="100957" Name="" export="">CalculateField GISADM.C_Address_Point STREETTYPE "WAY" VB #</Process><Process ToolSource="C:\Program Files (x86)\ArcGIS\Desktop10.0\ArcToolbox\Toolboxes\Data Management Tools.tbx\CalculateField" Date="20140701" Time="101956" Name="" export="">CalculateField GISADM.C_Address_Point STREETNAME "PALOMINO" VB #</Process><Process ToolSource="C:\Program Files (x86)\ArcGIS\Desktop10.0\ArcToolbox\Toolboxes\Data Management Tools.tbx\CalculateField" Date="20140701" Time="102115" Name="" export="">CalculateField GISADM.C_Address_Point STREETTYPE "PLACE" VB #</Process><Process ToolSource="C:\Program Files (x86)\ArcGIS\Desktop10.0\ArcToolbox\Toolboxes\Data Management Tools.tbx\CalculateField" Date="20140701" Time="103145" Name="" export="">CalculateField GISADM.C_Address_Point STREETNAME "LUSITANO" VB #</Process><Process ToolSource="C:\Program Files (x86)\ArcGIS\Desktop10.0\ArcToolbox\Toolboxes\Data Management Tools.tbx\CalculateField" Date="20140701" Time="103259" Name="" export="">CalculateField GISADM.C_Address_Point STREETTYPE "WAY" VB #</Process><Process ToolSource="C:\Program Files (x86)\ArcGIS\Desktop10.0\ArcToolbox\Toolboxes\Data Management Tools.tbx\CalculateField" Date="20140701" Time="103815" Name="" export="">CalculateField GISADM.C_Address_Point STREETNAME "SHIRE" VB #</Process><Process ToolSource="C:\Program Files (x86)\ArcGIS\Desktop10.0\ArcToolbox\Toolboxes\Data Management Tools.tbx\CalculateField" Date="20140701" Time="104040" Name="" export="">CalculateField GISADM.C_Address_Point STREETTYPE "ST" VB #</Process><Process ToolSource="c:\program files (x86)\arcgis\desktop10.2\ArcToolbox\Toolboxes\Data Management Tools.tbx\CalculateField" Date="20140701" Time="152156" Name="" export="">CalculateField GISADM.C_Address_Point STREETNAME "CASPIAN" VB #</Process><Process ToolSource="c:\program files (x86)\arcgis\desktop10.2\ArcToolbox\Toolboxes\Data Management Tools.tbx\CalculateField" Date="20140701" Time="153846" Name="" export="">CalculateField GISADM.C_Address_Point STREETNAME "CASPIAN" VB #</Process><Process ToolSource="c:\program files (x86)\arcgis\desktop10.2\ArcToolbox\Toolboxes\Data Management Tools.tbx\CalculateField" Date="20140702" Time="094402" Name="" export="">CalculateField GISADM.C_Address_Point STREETNAME "SHIRE" VB #</Process><Process ToolSource="c:\program files (x86)\arcgis\desktop10.2\ArcToolbox\Toolboxes\Data Management Tools.tbx\CalculateField" Date="20140702" Time="094910" Name="" export="">CalculateField GISADM.C_Address_Point STREETNAME "CASPIAN" VB #</Process><Process ToolSource="c:\program files (x86)\arcgis\desktop10.2\ArcToolbox\Toolboxes\Data Management Tools.tbx\CalculateField" Date="20140702" Time="094927" Name="" export="">CalculateField GISADM.C_Address_Point STREETTYPE "WAY" VB #</Process><Process ToolSource="c:\program files (x86)\arcgis\desktop10.2\ArcToolbox\Toolboxes\Data Management Tools.tbx\CalculateField" Date="20140702" Time="140344" Name="" export="">CalculateField GISADM.C_Address_Point STREETNAME "CASPIAN" VB #</Process><Process ToolSource="c:\program files (x86)\arcgis\desktop10.2\ArcToolbox\Toolboxes\Data Management Tools.tbx\CalculateField" Date="20140702" Time="140358" Name="" export="">CalculateField GISADM.C_Address_Point STREETTYPE "WAY" VB #</Process><Process ToolSource="c:\program files (x86)\arcgis\desktop10.2\ArcToolbox\Toolboxes\Data Management Tools.tbx\CalculateField" Date="20140702" Time="142118" Name="" export="">CalculateField GISADM.C_Address_Point STREETNAME "LUSITANO" VB #</Process><Process ToolSource="c:\program files (x86)\arcgis\desktop10.2\ArcToolbox\Toolboxes\Data Management Tools.tbx\CalculateField" Date="20140702" Time="142131" Name="" export="">CalculateField GISADM.C_Address_Point STREETTYPE "WAY" VB #</Process><Process ToolSource="c:\program files (x86)\arcgis\desktop10.2\ArcToolbox\Toolboxes\Data Management Tools.tbx\CalculateField" Date="20140702" Time="163053" Name="" export="">CalculateField GISADM.C_Address_Point ZIPCODE 94085 VB #</Process></lineage><itemProps><itemName Sync="TRUE">A_2014_Address_Point</itemName><imsContentType Sync="TRUE">002</imsContentType><nativeExtBox><westBL Sync="TRUE">6067133.000208</westBL><eastBL Sync="TRUE">6354046.674166</eastBL><southBL Sync="TRUE">1786876.381875</southBL><northBL Sync="TRUE">2000921.000104</northBL><exTypeCode Sync="TRUE">1</exTypeCode></nativeExtBox><relatedItems><item><itemType Sync="TRUE">Relationship</itemType></item><item><itemType Sync="TRUE">Relationship</itemType></item><item><itemType Sync="TRUE">Relationship</itemType></item><item><itemType Sync="TRUE">Relationship</itemType></item><item><itemType Sync="TRUE">Relationship</itemType></item><item><itemName Sync="TRUE">GISADM.C_BuildingC_Address_Point</itemName><itemType Sync="TRUE">Relationship</itemType></item></relatedItems><itemLocation><linkage Sync="TRUE">file://\\SCCSVSHR501\ISDsharelib\ISD\ITSS\GIS\Maintenance\Basemap\Assessor Data\Distribution\2014\Q4_FY14\Shapes\A_2014_Address_Point.shp</linkage><protocol Sync="TRUE">Local Area Network</protocol></itemLocation><itemSize Sync="TRUE">13.118</itemSize></itemProps><coordRef><type Sync="TRUE">Projected</type><geogcsn Sync="TRUE">GCS_North_American_1983</geogcsn><projcsn Sync="TRUE">NAD_1983_StatePlane_California_III_FIPS_0403_Feet</projcsn><peXml Sync="TRUE">&lt;ProjectedCoordinateSystem xsi:type='typens:ProjectedCoordinateSystem' xmlns:xsi='http://www.w3.org/2001/XMLSchema-instance' xmlns:xs='http://www.w3.org/2001/XMLSchema' xmlns:typens='http://www.esri.com/schemas/ArcGIS/10.1'&gt;&lt;WKT&gt;PROJCS[&amp;quot;NAD_1983_StatePlane_California_III_FIPS_0403_Feet&amp;quot;,GEOGCS[&amp;quot;GCS_North_American_1983&amp;quot;,DATUM[&amp;quot;D_North_American_1983&amp;quot;,SPHEROID[&amp;quot;GRS_1980&amp;quot;,6378137.0,298.257222101]],PRIMEM[&amp;quot;Greenwich&amp;quot;,0.0],UNIT[&amp;quot;Degree&amp;quot;,0.0174532925199433]],PROJECTION[&amp;quot;Lambert_Conformal_Conic&amp;quot;],PARAMETER[&amp;quot;False_Easting&amp;quot;,6561666.666666666],PARAMETER[&amp;quot;False_Northing&amp;quot;,1640416.666666667],PARAMETER[&amp;quot;Central_Meridian&amp;quot;,-120.5],PARAMETER[&amp;quot;Standard_Parallel_1&amp;quot;,37.06666666666667],PARAMETER[&amp;quot;Standard_Parallel_2&amp;quot;,38.43333333333333],PARAMETER[&amp;quot;Latitude_Of_Origin&amp;quot;,36.5],UNIT[&amp;quot;Foot_US&amp;quot;,0.3048006096012192],AUTHORITY[&amp;quot;EPSG&amp;quot;,2227]]&lt;/WKT&gt;&lt;XOrigin&gt;-115860600&lt;/XOrigin&gt;&lt;YOrigin&gt;-93269500&lt;/YOrigin&gt;&lt;XYScale&gt;36787427.345686711&lt;/XYScale&gt;&lt;ZOrigin&gt;-100000&lt;/ZOrigin&gt;&lt;ZScale&gt;10000&lt;/ZScale&gt;&lt;MOrigin&gt;-100000&lt;/MOrigin&gt;&lt;MScale&gt;10000&lt;/MScale&gt;&lt;XYTolerance&gt;0.0032808333333333331&lt;/XYTolerance&gt;&lt;ZTolerance&gt;0.001&lt;/ZTolerance&gt;&lt;MTolerance&gt;0.001&lt;/MTolerance&gt;&lt;HighPrecision&gt;true&lt;/HighPrecision&gt;&lt;WKID&gt;102643&lt;/WKID&gt;&lt;LatestWKID&gt;2227&lt;/LatestWKID&gt;&lt;/ProjectedCoordinateSystem&gt;</peXml><csUnits Sync="TRUE">Linear Unit: Foot_US (0.304801)</csUnits></coordRef></DataProperties><ArcGISFormat>1.0</ArcGISFormat><scaleRange><minScale>150000000</minScale><maxScale>5000</maxScale></scaleRange><ArcGISProfile>ItemDescription</ArcGISProfile></Esri><dataIdInfo><envirDesc Sync="TRUE">Microsoft Windows 7 Version 6.1 (Build 7601) Service Pack 1; Esri ArcGIS 10.2.0.3348</envirDesc><dataLang><languageCode Sync="TRUE" value="eng" country="US"/><countryCode value="USA" Sync="TRUE"/></dataLang><idCitation><resTitle Sync="TRUE">A_2014_Address_Point</resTitle><presForm><PresFormCd Sync="TRUE" value="005"/></presForm></idCitation><spatRpType><SpatRepTypCd Sync="TRUE" value="001"/></spatRpType><dataExt><geoEle xmlns=""><GeoBndBox esriExtentType="search"><westBL Sync="TRUE">-122.204337</westBL><eastBL Sync="TRUE">-121.210000</eastBL><northBL Sync="TRUE">37.487920</northBL><southBL Sync="TRUE">36.889962</southBL><exTypeCode Sync="TRUE">1</exTypeCode></GeoBndBox><GeoBndBox esriExtentType="search"><westBL Sync="TRUE">-122.204337</westBL><eastBL Sync="TRUE">-121.210000</eastBL><northBL Sync="TRUE">37.487920</northBL><southBL Sync="TRUE">36.889962</southBL><exTypeCode Sync="TRUE">1</exTypeCode></GeoBndBox></geoEle></dataExt><geoBox esriExtentType="decdegrees"><westBL Sync="TRUE">-122.204337</westBL><eastBL Sync="TRUE">-121.21</eastBL><northBL Sync="TRUE">37.48792</northBL><southBL Sync="TRUE">36.889962</southBL><exTypeCode Sync="TRUE">1</exTypeCode></geoBox><descKeys><thesaName uuidref="723f6998-058e-11dc-8314-0800200c9a66"/><keyword Sync="TRUE">002</keyword></descKeys><idPurp>To create and display address information to locate building address in the Santa Clara County. All data is for FY14 (July 1,2013 – June 30 , 2014)</idPurp><idAbs>&lt;DIV STYLE="text-align:Left;"&gt;&lt;DIV&gt;&lt;DIV&gt;&lt;P&gt;&lt;SPAN&gt;The County of Santa Clara Regional GIS Enhanced Basemap Address_Point. &lt;/SPAN&gt;&lt;/P&gt;&lt;P&gt;&lt;SPAN&gt;All data is for FY14 (July 1, 2013 – June 30 , 2014)&lt;/SPAN&gt;&lt;/P&gt;&lt;/DIV&gt;&lt;/DIV&gt;&lt;/DIV&gt;</idAbs><idCredit>SCC Assessor's Dept, SCC Info Services Dept</idCredit><searchKeys><keyword>Address Points</keyword><keyword>Santa Clara County</keyword><keyword>FY14</keyword></searchKeys><resConst><Consts><useLimit>&lt;DIV STYLE="text-align:Left;"&gt;&lt;DIV&gt;&lt;DIV&gt;&lt;P&gt;&lt;SPAN&gt;County is the owner of the GIS Basemap. &amp;gt; All maps and printouts must clearly state the following notice of copyright: (1) "Reproduced with permission granted by County of Santa Clara, (July, 2014) County of Santa Clara (Licensor seal)". (2) "Copyright (2014), County of Santa Clara, all rights reserved," or for lack of space, just c (with small circle around it) 2014. (5) DISCLAIMER THE GIS DATA IS PROVIDED "AS IS". THE COUNTY MAKES NO WARRANTIES, EXPRESS OR IMPLIED, INCLUDING WITHOUT LIMITATION, ANY IMPLIED WARRANTIES OR MERCHANTABILITY AND/OR FITNESS FOR A PARTICULAR PURPOSE, REGARDING THE ACCURACY, COMPLETENESS, VALUE, QUALITY, VALIDITY, MERCHANTABILITY, SUITABILITY, AND CONDITION, OF THE GIS DATA. USER'S OF COUNTY'S GIS DATA ARE HEREBY NOTIFIED THAT CURRENT PUBLIC PRIMARY INFORMATION SOURCES SHOULD BE CONSULTED FOR VERIFICATION OF THE DATA AND INFORMATION CONTAINED HEREIN. SINCE THE GIS DATA IS DYNAMIC, IT WILL BY ITS NATURE BE INCONSISTENT WITH THE OFFICIAL COUNTY ASSESSMENT ROLL FILE PRODUCED BY THE OFFICE OF THE ASSESSOR. ANY USE OF COUNTY'S GIS DATA WITHOUT CONSULTING CURRENT PUBLIC RECORDS FOR VERIFICATION IS DONE EXCLUSIVELY AT THE RISK OF THE PARTY MAKING SUCH USE.&lt;/SPAN&gt;&lt;/P&gt;&lt;/DIV&gt;&lt;/DIV&gt;&lt;/DIV&gt;</useLimit></Consts></resConst></dataIdInfo><mdLang><languageCode Sync="TRUE" value="eng"/><countryCode value="USA" Sync="TRUE"/></mdLang><mdStanName Sync="TRUE">ISO 19115 Geographic Information - Metadata</mdStanName><mdStanVer Sync="TRUE">DIS_ESRI1.0</mdStanVer><mdChar><CharSetCd Sync="TRUE" value="006"/></mdChar><mdHrLv><ScopeCd Sync="TRUE" value="005"/></mdHrLv><mdHrLvName Sync="TRUE">dataset</mdHrLvName><distInfo><distributor><distorTran><onLineSrc><orDesc Sync="TRUE">002</orDesc><linkage Sync="TRUE">Server=gisdbprd; Service=5151; Database=GISPROD; User=DS70130; Version=DS70130.DURGA</linkage><protocol Sync="TRUE">ArcSDE Connection</protocol></onLineSrc></distorTran><distorFormat><formatName Sync="TRUE">SDE Feature Class</formatName></distorFormat></distributor><distFormat><formatName Sync="TRUE">Shapefile</formatName></distFormat><distTranOps><transSize Sync="TRUE">13.118</transSize></distTranOps></distInfo><refSysInfo><RefSystem><refSysID><identCode Sync="TRUE" code="2227">NAD_1983_StatePlane_California_III_FIPS_0403_Feet</identCode><idCodeSpace Sync="TRUE">EPSG</idCodeSpace><idVersion Sync="TRUE">8.1.1</idVersion></refSysID></RefSystem></refSysInfo><spatRepInfo><VectSpatRep><geometObjs Name="A_2014_Address_Point"><geoObjTyp><GeoObjTypCd value="004" Sync="TRUE"></GeoObjTypCd></geoObjTyp><geoObjCnt Sync="TRUE">491269</geoObjCnt></geometObjs><topLvl><TopoLevCd value="001" Sync="TRUE"></TopoLevCd></topLvl></VectSpatRep></spatRepInfo><mdDateSt Sync="TRUE">20140922</mdDateSt></metadata>
